A;B;C;D;E;F;G;H;I;J;K;L;M;N;O;P;Q;R
hook date;unhook date;floor;wall id;painting name;artist;date;image id;information;height;width; frame left distance;painting left distance;painting right distance;frame right distance;frame ground distance;painting ground distance;public version
2019-02-13;;0;0-IW-01;Le Grand Char;Frédérick Coché;2010;0_0668;available;1.2;0.8;1.72;1.72;2.52;2.52;1.24;1.24;1
2019-02-13;;0;0-IW-01;Anamorphose;Frédérick Coché;2010;0_0670;available;1.2;0.8;0.86;0.86;1.66;1.66;1.24;1.24;1
2019-02-13;;0;0-IW-02;Paysage d'Aix-en-Provence;Francis Gruber;1935;0_0776;available;1.02;1.025;3.49;3.56;4.53;4.61;0.96;1.05;0
2019-02-13;;0;0-IW-02;Pegeen dans son atelier;Jean Hélion;1954;0_0783;available;1.14;1.46;0.53;0.61;2.05;2.16;0.88;0.98;0
2019-02-13;;0;0-IW-04;La blonde;André Derain;1928;0_0675;available;0.375;0.315;0.68;0.79;1.03;1.14;1.29;1.37;0
2019-02-13;;0;0-IW-05;Autoportrait;Francis Gruber;1942;0_0772;available;1.16;0.89;0.33000000000000007;0.44999999999999996;1.33;1.46;0.86;0.98;0
2019-02-13;;0;0-IW-06;Dante et Virgile;Gérard Garouste;1986;0_0678;available;2.25;2.55;0.010000000000000231;0.040000000000000036;1.74;1.89;0.46;0.48;0
2019-02-13;;0;0-IW-07;Les dentellières de Burano;Georges Dayez;1951-1959;0_0718;available;0.93;1.115;0.85;0.88;1.96;2;0.46;0.48;0
2019-02-13;;0;0-IW-08;Hommage à Callot;Francis Gruber;1942;0_0779;available;1.115;1.39;1.0300000000000002;1.1;2.25;2.4000000000000004;1.01;1.12;0
2019-02-13;;0;0-IW-09;Paysage;Francis Gruber;1935;0_0785;available;0.78;0.69;1.69;1.82;2.68;2.83;1.21;1.33;0
2019-02-13;;0;0-IW-09;Environs de Dijon;Georges Rohner;1938;0_0787;available;0.465;0.91;0.51;0.65;1.04;1.17;1.17;1.28;0
2019-02-13;;0;0-IW-10;Paysage de neige;André Marchand;1940;0_0789;available;0.91;0.6;0.38;0.47;1.33;1.46;1.14;1.24;0
2019-02-13;;0;0-IW-11;Paysage;Max Pechstein;1912;0_0334;available;0.71;0.8;0.40000000000000013;0.51;1.3;1.4000000000000001;1.09;1.19;0
2019-02-13;;0;0-IW-12;Femme sur un canapé;Francis Gruber;1945;0_0781;available;1.3;1.61;0.59;0.73;2.34;2.48;0.77;0.91;0
2019-02-13;;0;0-IW-13;Ighil n'oro, le Mellah;Jacques Majorelle;1922;0_0813;available;0.67;0.795;0.3899999999999997;0.48999999999999977;1.0799999999999998;1.1799999999999997;1.22;1.32;0
2019-02-13;;0;0-IW-13;Le souk aux tapis, Marrakech;Jacques Majorelle;1924;0_0815;available;0.8;1.03;1.6799999999999997;1.8199999999999998;2.76;2.9;1.02;1.15;0
2019-02-13;;0;0-IW-14;La femme aux bas blancs;Suzanne Valadon;1924;0_0724;available;0.9;0.78;3.14;3.21;3.78;3.88;1.07;1.16;1
2019-02-13;;0;0-IW-14;La rêveuse;Julius Pascin;1920-1930;0_0729;available;0.905;1.095;0.27;0.35;1.24;1.34;1.11;1.2;1
2019-02-13;;0;0-IW-14;Jeune fille à la blouse jaune, Marguerite Matisse;Henri Matisse;Vers 1921;0_0938;available;0.65;0.565;1.93;2.03;2.42;2.5;1.22;1.29;1
2019-02-13;;0;0-IW-15;Le lancement du filet;Suzanne Valadon;1914;0_0826;available;2.01;3.01;0.8400000000000003;0.9000000000000004;3.87;3.93;0.47;0.53;1
2019-02-13;;0;0-IW-16;La Veillée;Edouard Pignon;1937;0_0720;available;1.62;1.305;0.75;0.85;1.95;2.05;0.74;0.83;0
2019-02-13;;0;0-IW-17;La femme blonde;Amedeo Modigiliani;1918;0_0375;available;0.74;0.635;1.0999999999999999;1.17;1.6099999999999999;1.6899999999999997;1.21;1.28;1
2019-02-13;;0;0-IW-18;Paysage d'Avila;Raoul Dufy;1949;0_0817;available;0.84;0.995;2.6100000000000003;2.7300000000000004;3.5;3.64;1.13;1.23;0
2019-02-13;;0;0-IW-18;Les trois baigneuses;Raoul Dufy;1919;0_0821;available;2.73;1.8;0.1800000000000006;0.20000000000000018;2;2.02;0.16;0.14;0
2019-02-13;;0;0-IW-19;Paysage de provence;André Derain;1921-1924;0_0337;available;0.905;1.095;2.88;2.97;3.85;3.94;1.1;1.17;0
2019-02-13;;0;0-IW-19;Manège des chevaux de bois;Louis Valtat;Vers 1895-1896;0_0801;available;0.63;0.715;0.22;0.31;0.85;0.92;1.24;1.33;0
2019-02-13;;0;0-IW-19;La Seine au Pont-Neuf, effet de brouillard;Albert Marquet;1906;0_0803;available;0.96;1.165;1.32;1.51;2.31;2.51;1.09;1.25;1
2019-02-13;;0;0-IW-20;Pierrotins;Georges Rouault;Vers 1932;0_0829;available;1;0.66;0.8;0.9300000000000002;1.58;1.6800000000000002;0.95;1.05;0
2019-02-13;;0;0-IW-21;Port de Toulon;Achille Emile Othon Friesz;1927;0_0819;available;0.895;1.08;0.68;0.77;1.65;1.75;1.09;1.18;0
2019-02-13;;0;0-IW-22;Sainte-Adresse. Jour;Raoul Dufy;Vers 1924-1925;0_0807;available;0.53;0.61;0.22;0.31;0.75;0.85;1.28;1.37;0
2019-02-13;;0;0-IW-22;Sainte-Adresse. Nuit;Raoul Dufy;Vers 1924-1925;0_0809;available;0.53;0.61;0.97;1.06;1.47;1.57;1.28;1.37;0
2019-02-13;;0;0-IW-23;Après-midi à Pardigon;Henri-Edmond Cross;1907;0_0962;available;1.03;0.87;0.52;0.6000000000000001;1.25;1.34;1.03;1.14;1
2019-02-13;;0;0-IW-24;Escale;François Desnoyer;1940;0_0824;available;2.085;2.47;0.46;0.6;2.78;2.94;0.46;0.59;1
2019-02-13;;0;0-IW-25;Les Amoureux;Emile Friant;1888;0_0841;available;1.14;1.45;1.2800000000000002;1.4000000000000004;2.85;2.99;0.86;1;1
2019-02-13;;0;0-IW-26;Pipe d'eau douce;Etienne Cournault;1927;0_0731;available;1.55;0.64;3.37;3.52;3.9;4.04;0.79;0.92;0
2019-02-13;;0;0-IW-26;La Bête;Etienne Cournault;1928;0_0733;available;0.94;0.61;2.6;2.61;3.2;3.21;1.09;1.1;0
2019-02-13;;0;0-IW-26;Le taurillon;Etienne Cournault;Vers 1930;0_0735;available;0.315;0.315;2.07;2.1;2.31;2.35;1.71;1.81;0
2019-02-13;;0;0-IW-26;Le lion et le moucheron;Etienne Cournault;Vers 1930;0_0737;available;0.315;0.315;1.69;1.72;1.94;1.97;1.28;1.38;0
2019-02-13;;0;0-IW-26;Figure Masque allongé;Etienne Cournault;Vers 1944;0_0739;available;1.34;0.68;0.8;0.92;1.4;1.51;0.89;0.99;0
2019-02-13;;0;0-IW-26;Tête d'homme;Etienne Cournault;1930;0_0741;available;0.69;0.595;0.18;0.26;0.69;0.78;1.56;1.63;0
2019-02-13;;0;0-IW-26;Tête d'homme à la cravate;Etienne Cournault;Vers 1925-1930;0_0742;available;0.69;0.593;0.18;0.26;0.69;0.78;0.84;0.92;0
2019-02-13;;0;0-IW-27;Sous la lampe;Henri Lebasque;1904;0_0749;available;0.627;0.715;0.20000000000000018;0.30000000000000027;0.81;0.9100000000000001;1.24;1.34;1
2019-02-13;;0;0-IW-27;Le déjeuner des enfants;Pierre Bonnard;Vers 1897;0_0751;available;0.405;0.475;1.04;1.12;1.4400000000000004;1.5300000000000002;1.34;1.42;1
2019-02-13;;0;0-IW-27;Le Bénédicité;Henri Royer;1899;0_0753;available;0.51;0.585;1.7000000000000002;1.81;2.14;2.25;1.29;1.4;1
2019-02-13;;0;0-IW-27;Le graveur Vallotton dans son atelier;Edouard Vuillard;1902;0_0755;available;0.605;0.625;2.43;2.5300000000000002;2.92;3.04;1.24;1.34;1
2019-02-13;;0;0-IW-27;La Cueillette des pommes;Ker-Xavier Roussel;Vers 1915-1917;0_0757;available;1.195;0.845;3.22;3.31;3.98;4.07;0.97;1.06;1
2019-02-13;;0;0-IW-28;Paysage d'automne;Paul Sérusier;1914;0_0831;available;0.975;0.745;0.9600000000000001;1.05;1.53;1.6600000000000001;1.06;1.18;1
2019-02-13;;0;0-IW-28;Paysage breton;Paul Sérusier;1906;0_0833;available;0.89;0.7;0.14000000000000012;0.28;0.73;0.87;1.1;1.23;1
2019-02-13;;0;0-IW-29;Jeune Nancéienne dans un paysage de neige;Emile Friant;1887;0_0853;available;0.625;0.545;0.26;0.35;0.72;0.83;1.24;1.32;1
2019-02-13;;0;0-IW-29;Portrait de Madame Lebeau;Emile Friant;1889;0_0855;available;0.64;0.48;1.07;1.14;1.47;1.53;1.24;1.33;1
2019-02-13;;0;0-IW-30;Le pardon de l'Hymen;Maurice Denis;Vers 1907-1908;0_0759;available;0.79;0.565;3.41;3.44;3.94;3.97;1.16;1.19;1
2019-02-13;;0;0-IW-30;La punition de Psyché;Maurice Denis;1907-1908;0_0761;available;0.79;0.565;2.62;2.65;3.17;3.2;1.16;1.19;1
2019-02-13;;0;0-IW-30;La curiosité de Psyché;Maurice Denis;1907-1908;0_0763;available;0.79;0.565;1.83;1.86;2.36;2.39;1.16;1.19;1
2019-02-13;;0;0-IW-30;L'enlèvement de Psyché par Zéphyr;Maurice Denis;1907-1908;0_0765;available;0.79;0.56;1.03;1.06;1.54;1.57;1.16;1.19;1
2019-02-13;;0;0-IW-30;L'amour surprend Psyché;Maurice Denis;1907-1908;0_0767;available;0.79;0.565;0.25;0.28;0.75;0.78;1.16;1.19;1
2019-02-13;;0;0-IW-31;Femme à la perle;Charles-Auguste Sellier;Vers 1875;0_0875;available;0.825;0.71;0.36999999999999966;0.5099999999999998;0.94;1.0799999999999996;1.14;1.27;1
2019-02-13;;0;0-IW-31;Tête de Christ;Charles-Auguste Sellier;Seconde moitié du XIX siècle;0_0877;available;0.425;0.375;1.4499999999999997;1.5499999999999998;1.7399999999999998;1.8299999999999996;1.34;1.43;1
2019-02-13;;0;0-IW-31;Chant du soir;Alphonse Osbert;1906;0_0879;available;1.78;1.41;2.05;1.95;0.82;0.7;0.7;0.82;1
2019-02-13;;0;0-IW-32;Après l'enterrement;Camille Martin;1889;0_0843;available;1.325;1.59;5.23;5.45;6.5200000000000005;6.800000000000001;0.9;1.12;1
2019-02-13;;0;0-IW-32;La douleur;Emile Friant;1898;0_0869;available;2.472;3.68;0.29000000000000004;0.35000000000000053;3.8600000000000003;3.9700000000000006;0.4;0.48;1
2019-02-13;;0;0-IW-33;Les bouleaux;Charles Peccatte;Première moitié du XX siècle;0_0347;available;0.57;0.665;0.42;0.48;1.03;1.1;1.26;1.33;1
2019-02-13;;0;0-IW-33;L'Automne;Charles Peccatte;Avant 1903;0_0350;available;1.097;0.65;1.28;1.34;1.84;1.89;1.01;1.07;1
2019-02-13;;0;0-IW-33;Coin de jardin;Jules Antoine Voirin;XIX siècle;0_0353;available;0.69;0.855;3.68;3.78;4.42;4.54;1.21;1.31;1
2019-02-13;;0;0-IW-33;Paysage de Diénay;Charles de Meixmoron de Dombasle;Seconde moitié du XIX siècle;0_0356;available;0.748;0.947;4.88;4.96;5.71;5.8;1.17;1.25;1
2019-02-22;;0;0-IW-33;L'Automne (portrait de Méry Laurent);Edouard Manet;1882;0_0958;unvailable;1.02;0.815;0.83;0.97;1.53;1.65;1.05;1.21;
2019-02-13;;0;0-IW-33;Jeune femme assise;Hippolyte Petitjean;1892;0_0960;available;0.943;0.812;2.42;2.51;3.1;3.2;1.07;1.19;1
2019-02-13;;0;0-IW-33;L'Allée ombragée;Charles de Meixmoron de Dombasle;1880 ou 1886;0_0967;available;1.445;1.1;6.16;6.19;7.26;7.29;0.84;0.87;1
2019-02-13;;0;0-IW-34;Le Travail du lundi;Emile Friant;1884;0_0845;available;0.696;0.676;2.67;2.8099999999999996;3.1799999999999997;3.3499999999999996;1.21;1.34;1
2019-02-13;;0;0-IW-34;Autoportrait;Emile Friant;1895;0_0847;available;0.415;0.38;2.0199999999999996;2.11;2.32;2.3899999999999997;1.62;1.7;1
2019-02-13;;0;0-IW-34;Autoportrait;Emile Friant;1887;0_0848;available;0.52;0.445;2.01;2.09;2.3099999999999996;2.41;1.06;1.14;1
2019-02-13;;0;0-IW-34;Le Sculpteur Bussière dans son atelier;Emile Friant;Vers 1884;0_0851;available;0.983;0.704;0.3999999999999999;0.46999999999999975;1.06;1.1399999999999997;1.06;1.11;1
2019-02-13;;0;0-IW-35;La Toussaint;Emile Friant;1888;0_0861;available;2.92;3.69;0.09;0.3;3.57;3.79;0.23;0.42;1
2019-02-13;;0;0-IW-36;Le pauvre pêcheur;Aristide Maillol;1881;0_0439;available;1.145;1.43;0.6299999999999999;0.79;1.99;2.1;0.94;1.05;1
2019-02-13;;0;0-IW-37;Dans la forêt;Pascal-Adolphe-Jean Dagnan-Bouveret;1892;0_0859;available;1.85;1.53;0.65;0.82;2;2.17;0.62;0.79;1
2019-02-13;;0;0-IW-38;Travaux de nuit sur la voie publique;Luigi Loir;1902;0_0894;available;1.12;2.115;1.5699999999999998;1.62;3.59;3.67;0.99;1.06;1
2019-02-13;;0;0-IW-39;Fondeur;Eugène Carrière;Avant 1900;0_0881;available;0.807;0.52;0.36;0.42;0.81;0.88;1.15;1.21;1
2019-02-13;;0;0-IW-39;La caresse à la grande sœur, scène maternelle;Eugène Carrière;1900;0_0883;available;0.5;0.58;1.13;1.22;1.62;1.73;1.31;1.41;1
2019-02-13;;0;0-IW-39;Portrait de Madame Carrière;Eugène Carrière;Vers 1985 - 1990;0_0885;available;0.635;0.555;1.97;2.06;2.42;2.53;1.23;1.33;1
2019-02-13;;0;0-IW-39;Nymphe;Henri Royer;1893;0_0887;available;1.8;1.05;2.88;2.95;3.81;3.88;0.65;0.72;1
2019-02-13;;0;0-IW-40;Portrait de Colette Gervex;Henri Gervex;1910;0_0969;available;2.315;1.32;0.3600000000000001;0.43999999999999995;1.55;1.6400000000000001;0.4;0.51;1
2019-02-13;;0;0-W-00J;Intérieur de palais;Philippe Meusnier;1730;0_0565;available;1.93;2.43;1.7000000000000002;1.92;3.94;4.15;1.05;1.25;
2019-02-13;;0;0-W-00M;Galerie ouverte sur une terrasse;Philippe Meusnier;1730;0_0562;available;1.93;2.43;0.35;0.52;2.57;2.79;1.06;1.27;
2019-02-13;;0;0-W-02F;Assemblage Konshie II, polish village;Franck Stella;1971;0_0577;available;2.84;2.56;1.06;1.06;1.85;1.85;0.68;0.68;
2019-02-13;;0;0-W-02G;Vues d'architectures 1;Lucien Hervé;Non datée;0_0571;available;0.75;0.54;2.1;2.28;2.67;2.85;1.59;1.81;
2019-02-13;;0;0-W-02G;Vues d'architectures 2;Lucien Hervé;Non datée;0_0572;available;0.75;0.54;2.92;3.05;3.34;3.47;1.58;1.81;
2019-02-13;;0;0-W-02G;Vues d'architectures 3;Lucien Hervé;Non datée;0_0573;available;0.75;0.54;3.54;3.66;3.96;4.08;1.58;1.81;
2019-02-13;;0;0-W-02G;Vues d'architectures 4;Lucien Hervé;Non datée;0_0574;available;0.75;0.54;2.92;3.05;3.34;3.47;0.77;0.98;
2019-02-13;;0;0-W-02G;Vues d'architectures 5;Lucien Hervé;Non datée;0_0575;available;0.75;0.54;3.54;3.67;3.96;4.08;0.77;0.98;
2019-02-13;;0;0-W-02H;Sans titre;André Cadéré;1969;0_0570;available;1.34;1.7;1.45;1.45;1.45;1.45;1.58;1.81;
2019-02-13;;0;0-W-03A;L'enfance de Jupiter;Ker-Xavier Roussel;1940;0_5832;available;2.395;1.785;1.36;1.36;1.36;1.36;1.25;1.25;
2019-02-13;;0;0-W-03F;L'application à la décoration des brodeuses au métier et à l'aiguille;Théophile-Alexandre Steinlen;Vers 1900;0_5836;available;1;2.27;1.11;1.11;1.11;1.11;1.4;1.4;
2019-02-13;;0;0-W-03F;Fête de nuit;Théophile-Alexandre Steinlen;Vers 1900;0_5838;available;1;2.28;1.11;1.11;1.11;1.11;2.6;2.6;
2019-02-13;;0;0-W-03G;Les Eléments, formes et couleurs;Théophile-Alexandre Steinlen;Vers 1900;0_5834;available;1;3.94;0.2;0.2;0.2;0.2;2;2;
2019-02-13;;0;0-W-05D;Portrait du docteur Le Masle;Lucian Freud;1946;0_0673;available;0.253;0.152;1.02;1.11;1.26;1.35;1.32;1.42;0
2019-02-13;;0;0-W-05E;DIJ VII - VI 1,2,3;Julije Knifer;1990;0_0680;available;2.2;6;0.5299999999999998;0.5299999999999998;6.56;6.56;0.4;0.4;0
2019-02-13;;0;0-W-05E;Dans un jardin zen;Georges Noël;1984;0_0689;available;2.48;2.7;7.9799999999999995;7.9799999999999995;10.68;10.68;0.26;0.26;0
2019-02-13;;0;0-W-05F;La Chambre des enfants;Jean Bazaine;1937;0_0692;available;1.225;0.96;2.76;2.87;3.57;3.7;0.92;1.04;0
2019-02-13;;0;0-W-05F;La femme rousse;Marcel Gromaire;1945;0_0694;available;1;1.185;4.52;4.61;5.54;5.67;1.04;1.14;0
2019-02-13;;0;0-W-05F;Les dieux marins;Alfred Manessier;1935;0_0696;available;0.913;1.483;6.26;6.26;7.77;7.77;1.09;1.09;0
2019-02-13;;0;0-W-05F;Composition;Georges Valmier;1926;0_0699;available;0.81;0.6;8.57;8.69;9.21;9.36;1.07;1.15;1
2019-02-13;;0;0-W-05F;Le dé;Juan Gris;1922;0_0701;available;0.595;0.36;10.13;10.22;10.55;10.62;1.2;1.26;1
2019-02-13;;0;0-W-05F;La tranche de pastèque;Louis Marcoussis;1926;0_0703;available;0.39;0.5;11.45;11.49;11.93;11.97;1.33;1.37;1
2019-02-13;;0;0-W-05F;Nature morte aux poissons;Louis Marcoussis;1927;0_0705;available;0.422;0.72;12.08;12.16;12.86;12.92;1.25;1.33;1
2019-02-13;;0;0-W-05F;Femme à la draperie;Henri Laurens;1932;0_0707;available;0.47;0.43;13.77;13.77;14.18;14.18;1.31;1.31;0
2019-02-13;;0;0-W-05F;Guitare;Henri Laurens;1926;0_0709;available;0.97;1.39;15.17;18.17;16.5;16.5;1.07;1.07;0
2019-02-13;;0;0-W-05G;Les Voluptueux;Victor Prouvé;1889;0_0890;available;2.485;4.39;0.9800000000000004;1.1900000000000004;5.16;5.37;0.2;0.39;1
2019-02-13;;0;0-W-05H;La Toussaint;Sylvain Lang;2007;0_0865;available;0.8;1.3;1.7599999999999998;1.8399999999999999;2.9699999999999998;3.05;1.15;1.23;0
2019-02-13;;0;0-W-06A;Les tulipes;Louis Valtat;Vers 1921;0_0305;available;0.85;0.745;0.37;0.5;0.98;1.11;1.56;1.67;0
2019-02-13;;0;0-W-06A;Fleurs;Maurice de Vlaminck;Vers 1924;0_0306;available;0.8;0.655;2.92;3.02;3.48;3.57;1.57;1.65;0
2019-02-13;;0;0-W-06A;Anémones;Moïse Kisling;Avant 1937;0_0948;available;0.74;0.645;0.42;0.52;0.96;1.06;0.78;0.87;1
2019-02-13;;0;0-W-06A;Vase de fleurs;André Derain;Vers 1920;0_0950;available;0.375;0.315;2.92;3.05;3.45;3.58;0.78;0.88;0
2019-02-13;;0;0-W-06B;Nature morte, livres et lilas;Paul Sérusier;1908;0_0304;available;0.76;0.94;4.390000000000001;4.5;5.220000000000001;5.33;0.79;0.91;1
2019-02-13;;0;0-W-06B;Femme assise avec mimosa;Charles Camoin;Vers 1920;0_0726;available;0.835;0.72;4.49;4.58;5.11;5.21;1.56;1.66;0
2019-02-13;;0;0-W-06B;Femmes au piano;Pierre Laprade;Vers 1907;0_0932;available;1.19;0.99;1.9400000000000004;2.05;2.84;2.95;0.96;1.06;1
2019-02-13;;0;0-W-06B;La Sieste, femme lisant;Henri Lebasque;Vers 1920;0_0934;available;0.825;0.955;3.19;3.3200000000000003;4.02;4.140000000000001;1.58;1.69;1
2019-02-13;;0;0-W-06B;Intimité, femme et fleurs;Maurice Brianchon;1929;0_0940;available;0.606;0.715;3.31;3.37;3.97;4.02;0.86;0.91;0
2019-02-13;;0;0-W-06B;Le voilier;Pierre Laprade;Vers 1906-1907;0_0942;available;1.155;0.965;5.5600000000000005;5.68;6.4;6.53;0.99;1.11;1
2019-02-13;;0;0-W-06C;Le quai nocturne;Charles Lacoste;1902;0_0900;available;0.775;0.535;2.08;2.15;2.54;2.61;1.18;1.24;1
2019-02-13;;0;0-W-06C;Fin de journée du Décaméron;Maurice Denis;1907;0_0902;available;0.684;0.9;2.66;2.78;3.43;3.55;1.21;1.33;1
2019-02-13;;0;0-W-06C;Chute d'Icare;Ker-Xavier Roussel;Vers 1900-1905;0_0906;available;0.79;0.98;3.61;3.7;4.5;4.58;1.17;1.25;1
2019-02-13;;0;0-W-06C;L'Enlèvement des filles de Leucippe;Ker-Xavier Roussel;Avant 1937;0_0908;available;1.055;0.68;4.63;4.74;5.2;5.31;1.03;1.13;1
2019-02-13;;0;0-W-06C;Église de la Salute à Venise;Henry de Waroquier;Vers 1930;0_0918;available;0.563;0.703;1.33;1.43;1.93;2.03;1.28;1.38;0
2019-02-13;;0;0-W-06C;Port de Gênes;Georges Dufrénoy;1914;0_0920;available;0.79;1.04;0.24;0.33;1.18;1.27;1.17;1.25;1
2019-02-13;-;0;0-W-06D;Quai des orfèvres à Paris;Marie-Louise Siméon;Avant 1937;0_0300;available;0.465;0.54;0.33;0.37;0.89;0.93;1.71;1.74;1
2019-02-13;;0;0-W-06D;Cathédrale de Rouen;Pierre Dumont;Vers 1925;0_0301;available;0.89;0.73;1.15;1.22;1.84;1.9;1.1;1.15;1
2019-02-13;;0;0-W-06D;Vannes vue de Langles;Jean Frélaut;1922;0_0302;available;0.845;1.035;2.28;2.41;3.28;3.36;1.59;1.64;0
2019-02-13;;0;0-W-06D;Port de Cassis;André Frage;1920;0_0303;available;0.78;0.94;4.77;4.82;5.6;5.7;1.59;1.65;1
2019-02-13;;0;0-W-06D;Moselle à Liverdun;Victor Guillaume;1922;0_0912;available;0.66;0.77;2.5;2.53;3.16;3.25;0.88;0.94;1
2019-02-13;;0;0-W-06D;Menton, le port;Edmond Sigrist;Avant 1937;0_0922;available;0.705;0.895;4.77;4.86;5.57;5.63;0.84;0.93;1
2019-02-13;;0;0-W-06D;Paysage du midi;Moïse Kisling;Avant 1937;0_0924;available;1.095;0.91;3.58;3.68;4.39;4.5;1.02;1.12;1
2019-02-13;;0;0-W-06D;Rue Lepic, le moulin de la Galette;Maurice Utrillo;1921-1925;0_0930;available;0.72;0.63;0.3;0.38;0.83;0.95;0.96;1.05;0
2019-02-13;;0;0-W-S0-00;Apparition de la Vierge à San Andrea Corsini l'invitant à accepter l'évêché de Fiesole;Lambert-Sigisbert Adam;1732;0_0558;available;0.9;1.3;3.27;3.27;3.27;3.27;1;1;
2019-02-13;;0;0-W-S0-02;Les grands Trans-parents;Man Ray;1971;0_5830;unvailable;1.81;0.91;;;;;2;2;
2019-02-21;;0;0-W-S1-00;On air;?;?;0_2100;unvailable;;;0.95;0.99;1.56;1.6;0.81;0.86;
2019-02-13;2019-02-21;0;0-W-S1-00;L'Aube;Victor Prouvé;1900;0_5840;available;2.78;1.17;0.61;0.65;0.65;0.61;0.31;0.36;
2019-02-13;;1;1-IW-00;Ruine avec pyramide;Giuseppe Zais;Vers 1760-1770;1_0086;available;.696;1.022;1.74;1.8;2.71;2.77;1.62;1.67;
2019-02-13;;1;1-IW-00;Paysage avec pont rustique;Giuseppe Zais;Vers 1760-1770;1_0088;available;.7;1.025;1.75;1.81;2.72;2.78;0.87;0.93;
2019-02-13;;1;1-IW-00;Les Oiseleurs;Alessandro Magnasco Dit Lissandrino;Vers 1721;1_0093;available;1.125;.9;0.57;0.66;1.37;1.46;1.05;1.15;
2019-02-13;;1;1-IW-00;Le Pèlerinage;Alessandro Magnasco Dit Lissandrino;Vers 1721;1_0290;available;1.105;.89;3.06;3.15;3.84;3.94;1.05;1.14;
2019-02-13;;1;1-IW-01;La mort de Didon;Anonyme;Vers 1750 – 1760;1_0181;available;1.115;1.41;2.5;2.62;3.77;3.9;1.04;1.18;
2019-02-13;;1;1-IW-01;La Rencontre de Didon et Enée;Anonyme;Vers 1750-1760;1_0183;available;1.11;1.42;0.59;0.73;1.88;2.01;1.04;1.17;
2019-02-13;;1;1-IW-02;Portrait de Marie-Anne Collot;Pierre-Etienne Falconet;1773;1_0118;available;.84;.71;0.35;0.42;0.99;1.06;1.5;1.56;
2019-02-13;;1;1-IW-02;Autoportrait;Pierre-Etienne Falconet;Vers 1770;1_0120;available;.88;.75;1.28;1.36;1.94;2.03;1.48;1.58;
2019-02-13;;1;1-IW-03;Portrait présumé d'Emilie Charton;Adolf Ulrick Wertmüller;1781;1_0150;available;0.81;0.675;1.42;1.5;2.01;2.09;1.23;1.31;
2019-02-13;;1;1-IW-03;Portrait d'un artiste en habit rouge;Etienne Aubry;Entre 1771-1777;1_0152;available;0.9;0.76;0.33;0.43;0.97;1.07;1.18;1.27;
2019-02-13;;1;1-IW-04;Portrait de la Belle de Ludres;Pierre Mignard;XVII siècle;1_0158;available;1.59;1.25;2.54;2.66;3.66;3.78;0.86;0.98;
2019-02-13;;1;1-IW-04;Portrait d'Elisabeth-Charlotte de Bavière;Nicolas Larguillière;Vers 1678;1_5905;available;1.555;1.205;0.8;0.9;1.91;2.02;0.85;0.95;
2019-02-13;;1;1-IW-05;Démosthène au pied de la statue de Neptune;Anonyme français;Avant 1805;1_0131;available;1.45;1.77;2.62;2.81;4.21;4.39;0.89;1.06;
2019-02-13;;1;1-IW-05;Tullie faisant passer son char sur le corps de son père;François-Guillaume Ménageot;1765;1_0133;available;1.335;1.64;0.48;0.59;2.01;2.12;0.96;1.08;
2019-02-13;;1;1-IW-06;Anne et Jehanne;Laura Leroux-Revault;Vers 1894;1_0141;available;2.38;1.51;0.44;0.63;1.73;1.93;0.38;0.58;
2019-02-13;;1;1-IW-07;Roméo et Juliette;German von Bohn;1850;1_5907;available;1.685;1.315;0.56;0.67;1.75;1.86;0.79;0.9;
2019-02-13;;1;1-IW-08;Médée;Henri Klagmann;1868;1_0074;available;2.415;1.965;1.26;1.48;2.99;3.21;0.47;0.68;
2019-02-13;;1;1-IW-09;Vue de la ville et du port de Dieppe;Eugène Isabey;1842;1_0124;available;1.89;2.87;0.96;1.18;3.67;3.83;0.7;0.86;
2019-02-13;;1;1-W-00A;Mélancolie;Domenico Fetti;Après 1614;1_0389;available;2.16;1.49;3.34;3.43;4.72;7.84;0.62;0.74;
2019-02-13;;1;1-W-00A;L'incrédulité de saint Thomas;Giuseppe Vermiglio;XVII siècle;1_0391;available;1.365;1.775;0.84;0.99;2.5;2.63;0.64;0.76;
2019-02-13;;1;1-W-00A;Adieux de saint Pierre et de saint Paul;Domenico dit Passignano Cresti;Vers 1604;1_0393;available;1.05;1.46;0.89;1.03;2.41;2.55;2.13;2.27;
2019-02-13;;1;1-W-00C;Femme essuyant ses larmes;Anonyme napolitain;Milieu XVII siècle;1_0395;available;1.1;.93;0.22;0.37;1;1.17;1.05;1.2;
2019-02-13;;1;1-W-00F;La Femme à la puce;Georges de la Tour;Vers 1632-1635;1_5845;available;1.427;1.125;0.34;0.47;1.34;1.46;0.89;1.02;
2019-02-13;;1;1-W-00H;Le Souffleur à la pipe;D'après Georges de la Tour;XVII siècle;1_5846;available;0.91;0.78;0.15;0.23;0.85;0.93;1.18;1.25;
2019-02-13;;1;1-W-00I;Isaac envoie Esaü à la chasse;Johann Ulrich Loth;Après 1637;1_0385;available;1.935;1.435;2.31;2.39;3.67;3.74;0.64;0.73;
2019-02-13;;1;1-W-00I;Saint Jérôme;Johann Karl Loth;Après 1635;1_0387;available;1.16;0.9;1.16;1.25;1.97;2.06;1.02;1.11;
2019-02-13;;1;1-W-01B;L'Annonciation;Federico Barocci;Vers 1596-1612;1_0368;available;3.29;2.02;0.61;0.76;2.47;2.62;0.49;0.64;
2019-02-13;;1;1-W-01B;L'Annonciation;Caravage;Vers 1607-1610;1_0373;available;3.205;2.415;3.55;3.75;5.77;5.95;0.49;0.69;
2019-02-13;;1;1-W-01B;Le Christ ressucité apparaissant à sa mère;Guido Reni;Après 1632;1_0375;available;2.995;2.2;6.87;7.05;8.89;9.07;0.51;0.68;
2019-02-13;;1;1-W-01C;L'Annonciation;Frans II Pourbus dit Le Jeune;1619;1_0370;available;4.15;2.83;3.8;3.8899999999999997;6.539999999999999;6.63;0.35;0.44;
2019-02-13;;1;1-W-01C;Les Apprêts du martyre de saint Sébastien;Wenceslas Coebergher;1599;1_0377;available;3.29;2.42;0.7099999999999991;0.8899999999999988;2.9299999999999997;3.1099999999999994;0.43;0.64;
2019-02-13;;1;1-W-01C;Saint Charles Borromée donnant la sainte communion aux pestiférées de Milan;Caspar de Crayer;Vers 1668;1_5848;available;3.8;2.57;7.289999999999999;7.4799999999999995;9.7;9.889999999999999;0.44;0.6;
2019-02-13;;1;1-W-01D;La Transfiguration;Pierre-Paul Rubens;1604-1605;1_0379;available;4.62;7.24;2.56;2.85;9.51;9.79;0.26;0.55;
2019-02-13;;1;1-W-01G;Saint Jean l'Evangéliste;Matteo Rosselli;Vers 1620-1625;1_0363;available;1.345;1.1;0.38;0.49;1.34;1.46;0.93;1.04;
2019-02-13;;1;1-W-01H;Archange;Il Volterrano;Après 1650;1_0365;available;1.28;0.97;0.42;0.53;1.29;1.39;0.95;1.07;
2019-02-13;;1;1-W-02A;La Diseuse de bonne aventure;David II Teniers;XVII siècle;1_0360;available;0.575;0.73;0.18;0.27;0.81;0.81;1.37;1.46;
2019-02-13;;1;1-W-02B;Paysage pastoral;Le Lorrain;1635;1_0333;available;0.64;0.54;2.5;2.63;3;3.13;1.28;1.43;
2019-02-13;;1;1-W-02B;Scène de bataille près d'une forteresse;Le Lorrain/Claude Gellée;Vers 1638;1_0335;available;1;1.26;0.67;0.81;1.78;1.93;1.14;1.27;
2019-02-13;;1;1-W-02D;La Tour en ruine;Jan Tilens;Vers 1625;1_0337;available;0.865;1.14;0.45;0.56;1.48;1.58;0.77;0.87;
2019-02-13;;1;1-W-02D;Fête de village flamand;Joss II de Momper;fin 16e – début 17e siècle;1_0339;available;0.875;1.16;0.44;0.53;1.51;1.6;1.68;1.76;
2019-02-13;;1;1-W-02D;Marine;Cavalier Tempesta;Après 1660;1_0341;available;1.75;2.11;2.45;2.6;4.41;4.56;0.77;0.9;
2019-02-13;;1;1-W-02F;Paysage d'hiver;Gysbrecht Lytens;Après 1600;1_0345;available;0.755;0.99;0.22;0.35;1.08;1.21;1.27;1.4;
2019-02-13;;1;1-W-02G;La Fenaison;Jacob Grimmer;XVI siècle;1_0352;available;0.34;0.33;0.14;0.21;0.39;0.47;1.29;1.36;
2019-02-13;;1;1-W-02G;La Maison;Jacob Grimmer;XVI siècle;1_0354;available;0.34;0.34;0.14;0.23;0.38;0.46;1.66;1.74;
2019-02-13;;1;1-W-02H;Les patineurs;Jan Josephsz van Goyen;1649;1_0356;available;.50;.68;0.19;0.26;0.81;0.87;1.16;1.29;
2019-02-13;;1;1-W-02I;Le Torrent;David II Teniers;Vers 1640;1_0358;available;0.87;1.075;0.38;0.48;1.35;1.44;1.22;1.32;
2019-02-13;;1;1-W-03B;Corbeille de fleurs;Nicolas Baudesson;1673;1_0301;available;1.43;1.185;4.83;4.98;5.86;6.02;0.94;1.08;
2019-02-13;;1;1-W-03B;L'Automne;Alexandre-François Desportes;Vers 1711-1712;1_0303;available;2.855;2;2.44;2.65;4.2;4.41;0.43;0.63;
2019-02-13;;1;1-W-03B;Fleurs et tapis;Jean-Baptiste Monnoyer;Après 1665;1_0305;available;1.475;1.6;0.43;0.61;1.84;2.02;0.9;1.09;
2019-02-13;;1;1-W-03D;Fruits d'Italie;Aniollo Ascione;XVII siècle (dernier quart) - XVIII siècle (1er quart);1_0320;available;0.82;0.99;3.42;3.52;4.32;4.42;1.13;1.23;
2019-02-13;;1;1-W-03D;Nature morte au tapis et cédrats;Francesco Maltese;Seconde moitié du XVII siècle;1_0322;available;1.27;1.625;2.8;2.96;4.28;4.42;2.19;2.27;
2019-02-13;;1;1-W-03D;Nature morte, écrevisse et poissons;Giuseppe Recco;Vers 1680;1_0324;available;1.22;1.455;1.76;1.91;3.07;3.21;0.96;1.1;
2019-02-13;;1;1-W-03D;Nature morte au petit chien;Benedetto Fioravanti;Milieu XVII siècle;1_0326;available;1.30;1.795;0.67;0.77;2.36;2.46;2.19;2.27;
2019-02-13;;1;1-W-03D;Tortue et crabe;Paolo Porpora;Après 1652;1_0328;available;.805;.955;0.64;0.75;1.49;1.59;1.17;1.27;
2019-02-13;;1;1-W-03H;Memento Mori;Nicolas-Henry Jeaurat de Bertry;Après 1756;1_0307;available;0.86;1.07;3.87;3.96;4.86;4.94;1.09;1.18;
2019-02-13;;1;1-W-03H;Etude de faucons;Pieter Boel;Vers 1669-1671;1_0309;available;.76;.775;2.81;2.86;3.54;3.58;1.17;1.22;
2019-02-13;;1;1-W-03H;Le Déjeuner de poisson;Jacob Fopsen Van Es;Avant 1640;1_0311;available;0.915;1.275;0.36;0.5;1.5;1.63;1.09;1.23;
2019-02-13;;1;1-W-03H;Crabes, crevettes, citrons;Jacob Fopsen Van Es;Avant 1640;1_0313;available;0.515;0.625;1.91;1.99;2.44;2.53;1.02;1.09;
2019-02-13;;1;1-W-03H;Nature morte;Louise Moillon;XVII siècle;1_5850;available;0.483;0.603;1.92;1.98;2.45;2.51;1.57;1.63;
2019-02-13;;1;1-W-04B;Le Christ au tombeau;Valerio Castello;Vers 1650-1659;1_0276;available;2.18;2.485;0.49;0.71;2.78;2.98;0.7;0.89;
2019-02-13;;1;1-W-04B;Pietà;Pietro Giovanni Novelli;Après 1632;1_0278;available;2.28;1.745;3.37;3.55;4.95;5.11;0.66;0.83;
2019-02-13;;1;1-W-04B;Le Baptême du Christ;Jusepe de Ribera;1643;1_0280;available;2.63;1.9;6.08;6.24;7.81;7.97;0.49;0.64;
2019-02-13;;1;1-W-04C;Mariage mystique de sainte Catherine;Bartolomeo Biscaino;Première moitié du XVII siècle;1_0270;available;1.30;1.64;16.4;10.58;11.84;12.01;0.59;0.77;
2019-02-13;;1;1-W-04C;La Circoncision;Tommaso Luini;Vers 1632;1_0272;available;3.02;2.42;7.3;7.41;9.59;9.72;0.56;0.68;
2019-02-13;;1;1-W-04C;Sibylle de Tibur annonçant à Auguste l'avènement;Pierre de Cortone;Vers 1660;1_0283;available;3.05;3.02;1.49;1.68;4.31;4.5;0.5;0.7;
2019-02-13;;1;1-W-04C;Moïse sauvé des eaux;Carlo Cignani;XVII siècle (2nd moitié) - XVIII siècle (1er quart) ;1_0287;available;1.425;1.805;10.3;10.49;11.95;12.11;2.02;2.16;
2019-02-13;;1;1-W-04C;La vestale Tuscia;Luca Giordano;Vers 1670;1_5858;available;1.66;1.69;5.07;5.18;6.62;6.73;0.96;1.11;
2019-02-13;;1;1-W-04D;La destruction du palais d'Armide;Charles-Antoine Coypel;1737;1_0187;available;3.67;6.57;4.46;4.58;10.87;11.01;0.5;0.64;
2019-02-13;;1;1-W-04D;L'Annonciation;Charles-Antoine Coypel;1738;1_0189;available;1.655;1.19;2.73;2.86;3.79;3.91;0.98;1.11;
2019-02-13;;1;1-W-04D;La Nativité;Noël Coypel;1667-1668;1_0191;available;1.91;1.45;0.67;0.79;2.05;2.19;0.81;0.93;
2019-02-13;;1;1-W-04E;Portrait d'un architecte;Jean-François Restout;1734;1_0160;available;1.62;1.29;0.76;0.88;1.93;2.05;0.91;1.03;
2019-02-13;;1;1-W-04E;Portrait de Barthélémy Guibal;Jean Girardet;1756;1_5860;available;0.96;0.79;3.03;3.15;3.77;3.88;1.18;1.27;
2019-02-13;;1;1-W-04F;L'Ivresse de Silène;Carle Van Loo;1747;1_0178;available;2.07;2.36;1.06;1.27;3.22;3.43;0.72;0.92;
2019-02-13;;1;1-W-04G;La Continence de Scipion;François Lemoine;1727;1_0172;available;1.86;2.44;3.47;3.68;5.72;5.92;0.85;1.02;
2019-02-13;;1;1-W-04G;Le repos de Diane;Jean-François de Troy;1726;1_0174;available;1.74;2.4;6.23;6.46;8.39;8.62;0.58;0.82;
2019-02-13;;1;1-W-04G;Junon ordonne à Eole de détruire la flotte d'Enée;Samuel Massé;1727;1_0176;available;1.565;2.222;6.34;6.54;8.36;8.54;2.37;2.57;
2019-02-13;;1;1-W-04G;Aurore et Céphale;François Boucher;1733;1_0193;available;2.78;2.03;1.16;1.32;3.02;3.17;0.72;0.87;
2019-02-13;;1;1-W-04H;Jahel et Sisara;Carle Van Loo;Vers 1732-1734;1_0135;available;1.16;0.94;0.57;0.67;1.39;1.49;1.12;1.23;
2019-02-13;;1;1-W-04H;Vestales;Jean Raoux;1728;1_0137;available;1.13;0.95;1.85;1.96;2.66;2.75;1.13;1.24;
2019-02-13;;1;1-W-04I;Entrée du Christ à Jérusalem;Nicolas Poussin;Après 1642;1_5862;available;1.35;1.71;1.09;1.28;2.61;2.79;1.14;1.32;
2019-02-13;;1;1-W-04I;Eliézer et Rebecca;Henri-Antoine de Favanne;1693;1_5864;available;1.245;1.575;3.27;3.42;4.71;4.84;1.19;1.34;
2019-02-13;;1;1-W-04I;Assomption;Charles de La Fosse;Vers 1682-1686;1_5866;available;2.96;2.205;5.31;5.57;7.24;7.5;0.65;0.91;
2019-02-13;;1;1-W-04J;Le Pape Alexandre VII porté à la procession du Corpus Domini;Giovanni Maria Morandi;Vers 1657;1_0266;available;2.5;3.32;1.45;1.67;4.54;4.76;0.7;0.98;
2019-02-13;;1;1-W-04K;Saint Sébastien soigné par sainte Irène;Jean Allemant;Vers 1626-1631;1_0268;available;2.26;1.82;0.98;1.08;2.71;2.79;0.75;0.84;
2019-02-13;;1;1-W-04K;Le songe de Jacob;Lodovico Cigoli;1593;1_0274;available;2.01;1.72;10.34;10.53;11.88;12.07;0.79;0.98;
2019-02-13;;1;1-W-04K;Saint François de Paule en prière;Charles Mellin;1ière moitié XVII siècle;1_5868;available;1.753;1.233;3.44;3.52;4.62;4.69;0.94;1.02;
2019-02-13;;1;1-W-04K;Le Ravissement de saint François;Jacque de Bellange;Vers 1600-1605;1_5870;available;3.1;2.21;5.1;5.25;7.16;7.3;0.53;0.68;
2019-02-13;;1;1-W-04K;Les Lamentations sur le Christ mort;Jacque de Bellange;Vers 1602-1604;1_5872;available;1.465;1.964;7.72;7.96;9.53;9.69;1.06;1.22;
2019-02-13;;1;1-W-05A;Le Christ chassant les marchands du temple;Charles Dauphin;Vers 1663;1_0253;available;1.565;1.185;2.14;2.25;3.21;3.32;0.9;1.01;
2019-02-13;;1;1-W-05A;Le mépris du monde;Charles Dauphin;Vers 1645;1_0255;available;1.625;1.39;0.37;0.45;1.64;1.71;0.89;0.96;
2019-02-13;;1;1-W-05B;Nativité;Charles Poerson;Vers 1653-1655;1_0237;available;.86;.76;7.3;7.4;7.94;8.04;1.12;1.22;
2019-02-13;;1;1-W-05B;Madeleine pénitente;Nicolas Chaperon;Vers 1635;1_0239;available;.935;.795;6.23;6.33;6.94;7.03;1.08;1.17;
2019-02-13;;1;1-W-05B;La Charité;Philippe de Champaigne;Vers 1635-1636;1_0241;available;1.956;1.715;4.17;4.39;5.68;5.89;0.56;0.77;
2019-02-13;;1;1-W-05B;Vierge et l'Enfant;Pierre Mignard;Vers 1650-1655;1_0243;available;1.21;1.045;2.83;2.97;3.73;3.88;0.94;1.07;
2019-02-13;;1;1-W-05B;Vierge à l'Enfant;Charles Lebrun;1650;1_0245;available;1.13;0.98;1.59;1.68;2.47;2.55;0.97;1.06;
2019-02-13;;1;1-W-05B;La Vierge, l'Enfant Jésus et saint Jean-Baptiste;Lubin Baugin;Après 1641;1_0247;available;.54;.45;0.88;0.99;1.23;1.34;1.29;1.39;
2019-02-13;;1;1-W-05B;Saints Philippe et Thadée;Lubin Baugin;Vers 1630-1640;1_0249;available;.355;.358;0.32;0.38;0.72;0.78;1.58;1.63;
2019-02-13;;1;1-W-05B;Saints Barthélémy et Matthias;Lubin Baugin;Vers 1630-1640;1_0251;available;.355;.358;0.32;0.38;0.72;0.78;1.07;1.13;
2019-02-13;;1;1-W-05C;L'Enlèvement des Sabines;Claude Déruet;Vers 1640-4650;1_0230;available;1.08;1.74;5.73;5.81;7.38;7.46;1.12;1.2;
2019-02-13;;1;1-W-05C;Portrait équestre de Madame de Saint-Baslemont;Claude Déruet;1646;1_0235;available;3.74;4.08;1.14;1.42;4.92;5.21;0.41;0.68;
2019-02-13;;1;1-W-05D;L'Amour qui se venge;Simon Vouet;Vers 1634;1_0220;available;2.27;1.42;7.82;8.05;9;9.22;0.6;0.85;
2019-02-13;;1;1-W-05D;Nymphe essayant les flèches de l'Amour;Simon Vouet;Vers 1635;1_0222;available;2.27;1.54;6.06;6.29;7.35;7.56;0.6;0.84;
2019-02-13;;1;1-W-05D;La Déposition de croix;Anonyme Français;XVII siècle;1_0228;available;1.905;2.4;0.8;0.99;2.99;3.19;0.76;0.95;
2019-02-13;;1;1-W-05D;Bacchanale;Jacques Blanchard;1636;1_6003;available;1.565;1.32;3.97;4.07;5.17;5.28;0.92;1.02;
2019-02-13;;1;1-W-05E;Baptême du centurion Corneille à Césarée;Aubin Vouet;Vers 1639;1_0218;available;1.217;0.91;0.75;0.88;1.53;1.65;0.97;1.08;
2019-02-13;;1;1-W-06A;Fantaisie d'architecture en ruine avec la naissance de Vénus;Gherardo Poli;Vers 1730-1735;1_0101;available;1.55;1.27;2.56;2.77;3.61;3.82;0.84;1.04;
2019-02-13;;1;1-W-06A;Scènes de carnaval 1;Bartolomeo Bianchini;Après 1701;1_5878;available;0.965;1.117;0.91;0.99;1.94;2.01;1.84;1.91;
2019-02-13;;1;1-W-06A;Scènes de carnaval 2;Bartolomeo Bianchini;Après 1701;1_5880;available;0.915;1.125;0.88;0.96;1.93;2.02;0.83;0.91;
2019-02-13;;1;1-W-06B;Le Coucher du soleil;Gregorio Guglielmi;Vers 1767-1768;1_0080;available;.80;.985;10.47;10.58;11.35;11.45;1.2;1.31;
2019-02-13;;1;1-W-06B;Le Jour ou Le Triomphe d'Apollon;Gregorio Guglielmi;Vers 1767-1768;1_0082;available;1.06;1.54;8.84;8.98;10.23;10.36;1.08;1.21;
2019-02-13;;1;1-W-06B;Le Lever du Soleil;Gregorio Guglielmi;Vers 1767-1768;1_0084;available;.775;.955;7.79;7.87;8.65;8.73;1.24;1.32;
2019-02-13;;1;1-W-06B;Architecture en ruine avec la commedia dell'arte;Gherardo Poli;Première moitié du XVIII siècle;1_0095;available;.895;.69;2.21;2.41;3.27;3.47;0.81;1.03;
2019-02-13;;1;1-W-06B;Architecture en ruine avec Jupiter tonnant;Gherardo Poli;Vers 1730;1_0097;available;1.55;1.28;3.75;3.94;4.79;5;0.83;1.03;
2019-02-13;;1;1-W-06B;Fantaisie d'architecture en ruine avec Bellérophon frappant la chimère;Gherardo Poli;Première moitié du XVIII siècle;1_0103;available;1.55;1.255;0.39;0.87;1.72;1.9;0.85;1.04;
2019-02-13;;1;1-W-06B;Portrait de Zélie Courbet;Gustave Courbet;1853;1_0111;available;.67;.575;21.15;21.24;21.64;21.73;1.28;1.36;
2019-02-13;;1;1-W-06B;Tête de jeune fille;Jean-Baptiste Greuze;Première moitié du XVIII siècle;1_0113;available;.57;.5;11.91;11.98;12.34;12.41;1.34;1.42;
2019-02-13;;1;1-W-06B;Portrait d'Elise Voïant;Constance Mayer;1811;1_0139;available;1.42;1.21;15.48;15.63;16.54;16.69;0.9;1.05;
2019-02-13;;1;1-W-06B;Portrait de Jacques-Philippe Voïart;Taco I Scheltema;1811;1_0144;available;1.04;0.89;16.98;17.12;17.74;17.86;1.09;1.22;
2019-02-13;;1;1-W-06B;Portrait de jeune femme au boa;François Gérard;Vers 1810;1_0148;available;0.975;0.835;14.36;14.5;15.06;15.19;1.12;1.25;
2019-02-13;;1;1-W-06B;Place du Dôme à Pise;Gherardo Poli - Giuseppe Poli;Vers 1730;1_5882;available;0.645;1;5.43;5.49;6.36;6.42;1.62;1.67;
2019-02-13;;1;1-W-06B;Place du palais ducal à Florence;Gherardo Poli - Giuseppe Poli;Vers 1730;1_5884;available;0.65;1;5.43;5.49;6.36;6.42;0.93;0.99;
2019-02-13;;1;1-W-06B;Esquisse de plafond;Jean Girardet;XVIII siècle;1_5886;available;0.946;0.699;6.82;6.88;7.5;7.55;1.11;1.16;
2019-02-13;;1;1-W-06B;Portrait de Louise-Elisabeth Dufresne;Jean Girardet;Vers 1770;1_5888;available;1.5;1.14;12.83;12.93;13.86;13.96;0.94;1.04;
2019-02-13;;1;1-W-06B;Raphaël dessinant dans la campagne de Rome;Alexandre-Marie Colin;1857;1_5892;available;1.305;1.115;22.25;22.41;23.2;23.36;0.96;1.11;
2019-02-13;;1;1-W-06B;Paysanne italienne et son enfant;Louis-Stanislas Faivre-Duffer;1846;1_5894;available;1.7;1.35;23.63;23.74;24.87;24.98;0.76;0.87;
2019-02-13;;1;1-W-06B;Portrait de Guilbert de Pixérécourt;Sophie Bertaud-Cheradame;1822;1_5896;available;1.65;1.33;18.42;18.52;19.63;19.73;0.78;0.88;
2019-02-13;;1;1-W-06B;"Portrait d'Emma Schroekinger, ""La stella di Venezia""";Louis-Auguste Schwiter;1857;1_6000;available;0.86;0.74;20.28;20.39;20.9;21;1.2;1.3;
2019-02-13;;1;1-W-06F;Jeune fille et la Mort;Henri-Léopold Lévy;1900;1_0060;available;3.46;3.125;1.53;1.75;4.44;4.66;0.33;0.54;
2019-02-13;;1;1-W-06G;Paysage de montagne;Gustave Doré;Vers 1870;1_0062;available;3.035;2.38;0.8;1.03;2.95;3.18;0.38;0.61;
2019-02-13;;1;1-W-06H;Episode du siège de Metz;Charles-Laurent Maréchal;1835;1_5899;available;1.17;1.475;0.78;0.91;2.11;2.25;1.03;1.15;
2019-02-13;;1;1-W-06I;Charles le Téméraire retrouvé mort après la bataille de Nancy;Auguste Feyen-Perrin;1865;1_0053;available;2.28;3.38;1.65;1.8;4.8;4.95;0.62;0.77;
2019-02-13;;1;1-W-06J;Escalier de la galerie des Cerfs au Palais ducal de Nancy;Jean-Joseph Thorelle;1838;1_5901;available;0.585;0.5;2.04;2.12;2.48;2.55;1.29;1.38;
2019-02-13;;1;1-W-06K;L'offrande à l'Amour;Claude Michel;Vers 1765-1768;1_0197;available;0.335;0.38;0.28;0.33;0.6;0.64;1.43;1.48;
2019-02-13;;1;1-W-06K;La Marchande d'Amours;Claude Michel;Vers 1765-1768;1_0199;available;0.32;0.37;0.28;0.33;0.6;0.64;1.08;1.13;
2019-02-13;;1;1-W-07E;Soir d'automne en forêt (Ile-et-Vilaine);Jean-Henri Zuber;1878;1_0058;available;1.713;2.222;0.61;0.76;2.68;2.82;0.7;0.85;
2019-02-13;;1;1-W-07G;Retour de chasse au lion;Aimé-Nicolas Morot;1902;1_0078;available;2.89;1.72;0.86;1.13;2.31;2.58;0.32;0.55;
2019-02-13;;1;1-W-07K;Portrait de Lucien Wiener dans son atelier;Victor Prouvé;1890;1_5909;available;1.79;1.39;16.86;16.99;18.13;18.25;0.67;0.78;
2019-02-13;;1;1-W-07K;Gitane;Aimé-Nicolas Morot;Avant 1913;1_5911;available;0.525;0.445;20.41;20.5;20.759999999999998;20.849999999999998;1.29;1.39;
2019-02-13;;1;1-W-07K;Nurmahal;Victor Prouvé;1886;1_5913;available;1.575;1.175;21.06;21.15;22.13;22.22;0.76;0.85;
2019-02-13;;1;1-W-07K;Restaurant en plein vent à Ain-Sefra;Marie-Aimée-Eliane Lucas-Robiquet;Seconde moitié du XIX siècle - Première moitié du XX siècle;1_5915;available;1.147;1.545;22.4;22.49;23.729999999999997;23.82;1.03;1.18;
2019-02-13;;1;1-W-07K;Repos d'Arabes;Charles-Théodore Frère;1848;1_5917;available;1.23;1;24.02;24.06;24.77;24.82;1.05;1.1;
2019-02-13;;1;1-W-07L;Ellipse orange évidée par sept disques;Felice Varini;2000;1_5928;unvailable;;;;;;;;;
2019-02-13;;1;1-W-08B;Portrait d'Edmond de Goncourt;Jean-François Raffaëlli;1888;1_0016;available;3.13;2.4;7;7.26;1.19;1.45;0.48;0.73;
2019-02-13;;1;1-W-08B;Panneau décoratif ovale : deux dragons gardant la perle sacrée;Anonyme;Sans date;1_5775;available;0.838;1.9;2.8;2.8;4.8;4.8;1.41;1.41;
2019-02-13;;1;1-W-08C;Portrait de Charles Cartier-Bresson;Jean-Matthias Schiff;Après 1921;1_0014;available;0.62;0.71;4.52;4.58;5.18;5.23;1.25;1.31;
2019-02-13;;1;1-W-08C;Les cinquante-trois relais de Tôkaidô, station 50 : Tsuchiyama;Utagawa Hiroshige;1831 - 1834;1_5781;available;0.256;0.183;1.19;1.33;1.51;1.63;1.28;1.43;
2019-02-13;;1;1-W-08C;Les cinquante-trois relais de Tôkaidô, station 30 : Hamamatsu;Utagawa Hiroshige;1831 - 1834;1_5783;available;0.256;0.183;1.66;1.77;1.96;2.07;1.28;1.43;
2019-02-13;;1;1-W-08C;Les cinquante-trois relais de Tôkaidô, station 29 : Mitsuke;Utagawa Hiroshige;1831 - 1834;1_5785;available;0.256;0.183;2.11;2.21;2.4;2.51;1.28;1.43;
2019-02-13;;1;1-W-08C;Les cinquante-trois relais de Tôkaidô, station 14 : Hara;Utagawa Hiroshige;1831 - 1834;1_5787;available;0.256;0.183;2.54;2.64;2.84;2.95;1.28;1.43;
2019-02-13;;1;1-W-08D;Les cinquante-trois relais de Tôkaidô, station 44 : Yokkuichi;Utagawa Hiroshige;1831 - 1834;1_5777;available;0.217;0.165;4.3;4.39;4.74;4.84;1.34;1.43;
2019-02-13;;1;1-W-08D;Barque de pêche à Chôshiura dans la province de Shimousa;Shôtei Hokuju;Dernier quart XVII siècle - Premier quart XVII siècle;1_5779;available;0.264;0.381;0.36;0.44;0.82;0.9;1.34;1.42;
2019-02-13;;1;1-W-09B;Les jours heureux 2;Emile Friant;1895;1_0985;available;3.99;2.17;2.5;2.53;4.62;4.69;0.25;0.31;
2019-02-13;;1;1-W-09B;Les jours heureux 1;Emile Friant;1895;1_0987;available;3.995;2.17;0.18;0.21;2.32;2.35;0.25;0.31;
2019-02-13;;1;1-W-09C;Job;Jules Bastien-Lepage;Vers 1876-1877;1_0978;available;1.45;1.9;5.17;5.32;6.92;7.06;0.93;1.03;
2019-02-13;;1;1-W-09C;Portrait d'Emile Bastien-Lepage;Jules Bastien-Lepage;1879;1_0981;available;0.473;0.393;3.79;3.87;4.09;4.18;1.43;1.52;
2019-02-13;;1;1-W-09C;Ophélie;Jules Bastien-Lepage;1881;1_0983;available;1.78;1.87;0.95;1.04;2.71;2.81;0.77;0.87;
2019-02-13;;1;1-W-09D;Soir de 14 juillet;Charles Wittman;1910;1_0976;available;1.48;2.67;0.46;0.65;2.95;3.14;0.92;1.1;
2019-02-13;;1;1-W-10A;Clytie changée en tournesol;Henri-Léopold Lévy;1876;1_0206;available;2.425;0.875;402;4.12;4.8;4.89;0.42;0.51;
2019-02-13;;1;1-W-10A;Hébé et l'aigle de Jupiter;Henri-Léopold Lévy;1876;1_0208;available;0.69;1.6;1.85;1.95;3.35;3.45;1.23;1.33;
2019-02-13;;1;1-W-10B;La Nymphe Nébula verse la pluie sur les fleurs;Henri-Léopold Lévy;1876;1_0210;available;2.425;0.875;0.6;0.7;1.39;1.49;0.41;0.51;
2019-02-13;;1;1-W-10B;Byblis changée en source;Henri-Léopold Lévy;1876;1_0212;available;0.69;1.6;2.09;2.18;3.61;3.71;1.23;1.33;
2019-02-13;;1;1-W-S0-03;Le départ pour la pêche;Francesco Giuseppe Casanova;Avant 1788;1_5852;available;2.39;3.35;2;2;2;2;0;0;
2019-02-13;;1;1-W-S0-02;La Chasse;Francesco Giuseppe Casanova;Avant 1788;1_5854;available;2.46;2.18;2.41;2.41;2.41;2.41;2;2;
2019-02-13;;1;1-W-S1-01;La Joie de vivre;Victor Prouvé;1904;1_5874;available;3.1;5.43;1.5;1.5;0.33;0.33;0;0;
2019-02-13;;1;1-W-S1-03;L'Ile heureuse;Victor Prouvé;1902;1_5876;available;3.1;5.43;0.33;0.33;1.5;1.5;0;0;
2019-02-13;;2;2-IW-00;Vierge à l'Enfant, saint Jean et deux anges;Pérugin;Vers 1505;2_2809;available;1.7;1.3;0.15;0.23;0.25;0.17;0.7;0.78;
2019-02-13;;2;2-IW-02;La Présentation de Jésus au temple;Noël Bellemare;Fin XV siècle - Début XVI siècle;2_2863;unvailable;.765;.615;;;;;;;
2019-02-13;;2;2-IW-02;Naissance de la Vierge;Noël Bellemare;Fin XV siècle - Début XVI siècle;2_2864;unvailable;.765;.615;;;;;;;
2019-02-13;;2;2-IW-03;Présentation de la Vierge au Temple;Noël Bellemare;Fin XV siècle - Début XVI siècle;2_2859;unvailable;.765;.615;;;;;;;
2019-02-13;;2;2-IW-03;Visitation;Noël Bellemare;Fin XV siècle - Début XVI siècle;2_2860;unvailable;.785;.64;;;;;;;
2019-02-13;;2;2-W-00A;Jésus marchant sur les eaux;Pierre-Paul Rubens;Vers 1618;2_2926;available;1;1;3.83;3.96;4.68;4.82;0.66;0.78;
2019-02-13;;2;2-W-00A;Jonas jeté à la mer;Pierre-Paul Rubens;Vers 1618;2_2928;available;1;1;3.83;3.96;4.68;4.82;1.72;1.84;
2019-02-13;;2;2-W-00A;La Continence de Scipion;Cornelis de Vos;Vers 1630;2_2930;available;1.86;2.44;0.75;0.86;3.15;3.28;0.63;0.72;
2019-02-13;;2;2-W-00C;Persée délivrant Andromède;Theodoor Van Thulden;1646;2_2932;available;1.2;1.34;0.19;0.29;1.4;1.51;0.95;1.06;
2019-02-13;;2;2-W-00D;Andromède attachée au rocher;Frans Wouters;Après 1634;2_2934;available;0.495;0.4;0.29;0.32;0.59;0.68;1.3;1.38;
2019-02-13;;2;2-W-00F;Le Christ après la flagellation;Gérard Seghers;Vers 1620-1625;2_2936;available;1.32;1.905;0.2;0.31;2;2.11;0.91;0.99;
2019-02-13;;2;2-W-00I;Têtes de vieille femme;Jacob Jordaens;Vers 1620;2_2922;available;0.825;0.9;2.8;2.94;3.59;3.72;1.13;1.26;
2019-02-13;;2;2-W-00I;Vierge à l'Enfant;Antoon van Dyck;1630-1632;2_2924;available;1.8;1.355;1.04;1.21;2.21;2.39;0.65;0.83;
2019-02-13;;2;2-W-01B;Ne me touche pas;Jan II Brueghel, le jeune;Après 1625;2_0417;available;1.95;2.5;0.75;0.95;3.05;3.25;0.6;0.77;
2019-02-13;;2;2-W-01C;Prédiction de saint Jean-Baptiste;Abraham Bloemaert;Vers 1620;2_0422;available;1.46;2.12;1.84;1.96;3.82;3.94;0.83;0.95;
2019-02-13;;2;2-W-01C;Marché avec l'Ecce Homo;Joachim Beuckelaer;Vers 1561;2_2902;available;1.225;1.81;8.72;8.84;10.42;10.52;0.93;1.04;
2019-02-13;;2;2-W-01C;Laissez venir à moi les petits enfants;Pieter Pietersz;Vers 1580-1590;2_2904;available;1.432;1.79;5.76;5.86;7.41;7.53;0.85;0.96;
2019-02-13;;2;2-W-01D;Jésus chassant les marchands du temple;Jan Sanders Van Hemessen;1556;2_2900;available;2.04;2.56;0.95;1.13;3.31;3.5;0.61;0.79;
2019-02-13;;2;2-W-01G;Les Compteurs d'argent;Marinus Van Roejmerswalen;Fin XVI siècle;2_2917;available;1.745;1.45;0.44;0.69;1.61;1.87;0.67;0.91;
2019-02-13;;2;2-W-01H;Diane chasseresse;Paolo, dit Fiammingo;Vers 1592;2_2915;available;1.28;1.13;0.55;0.69;1.53;1.67;0.92;1.06;
2019-02-13;;2;2-W-01I;Noces de Thétis et Pélée;Joachim Wtewael;Vers 1606-1610;2_2913;available;0.32;0.395;0.26;0.39;0.61;0.71;1.38;1.48;
2019-02-13;;2;2-W-02B;Saint Jérôme dans le désert;Maître du fils prodigue;Après 1550;2_2875;available;0.78;0.924;2.67;2.76;3.4799999999999995;3.59;1.17;1.27;
2019-02-13;;2;2-W-02B;La passion du Christ;Lucas de Leyde;XVI siècle;2_2878;available;1.8;1.285;1.0799999999999996;1.1399999999999997;2.3;2.3699999999999997;0.65;0.72;
2019-02-13;;2;2-W-02B;Le Christ tombé sous sa croix;Frans II Francken;XVI siècle (dernier quart) - XVII siècle (1ère moitié);2_2880;available;0.51;0.44;0.35999999999999943;0.4299999999999997;0.7199999999999998;0.7999999999999998;1.31;1.38;
2019-02-13;;2;2-W-02C;Vierge à l'Enfant servie par des anges;Cornelis de Baellieur le vieux;XVII siècle;2_2869;available;0.5;0.43;3.5;3.58;3.86;3.93;1.31;1.38;
2019-02-13;;2;2-W-02C;Le Calvaire;Frans I Francken;XVI siècle (2nd moitié) - XVII siècle (1er quart);2_2871;available;1.18;1.47;1.76;1.89;3.09;3.22;0.99;1.1;
2019-02-13;;2;2-W-02C;Le Christ au désert servi par des anges;Frans II Francken;XVII siècle;2_2873;available;0.625;0.525;0.76;0.89;1.35;1.48;1.12;1.25;
2019-02-13;;2;2-W-02D;Le mariage mystique de sainte Catherine;Joos Van Cleve;1514;2_2867;available;0.77;0.87;0.44;0.53;1.22;1.33;1.16;1.25;
2019-02-13;;2;2-W-02E;L'Adoration des bergers;Anonyme flamand;Seconde moitié du XVI siècle;2_2890;available;1.54;1.21;0.3;0.44;1.35;1.51;0.79;0.95;
2019-02-13;;2;2-W-02G;Adoration des bergers;Anonyme;XVI siècle;2_2888;available;1.54;1.09;0.1;0.1;0.73;0.89;1.12;1.28;
2019-02-13;;2;2-W-02H;Portrait d'Antoine de Ville;Atelier d'Hugues de Lafaye;1507;2_0459;available;0.658;0.619;1.25;1.42;1.7000000000000002;1.87;1.22;1.38;
2019-02-13;;2;2-W-02H;Portrait d'homme à la barbe grisonnante;Corneille de Lyon;XVI siècle;2_0464;available;0.33;0.29;0.28;0.36;0.48;0.57;1.55;1.63;
2019-02-13;;2;2-W-02H;Robert de Lénoncourt, cardinal et archevêque;Corneille de Lyon;XVI siècle;2_0465;available;0.335;0.305;0.27;0.35;0.49;0.57;1.2;1.29;
2019-02-13;;2;2-W-02H;Portrait de jeune homme;Corneille de Lyon;Vers 1536;2_0466;available;0.33;0.28;0.59;0.67;0.81;0.89;1.55;1.63;
2019-02-13;;2;2-W-02H;Portrait du comte de Nanteuil;Corneille de Lyon;XVI siècle;2_0467;available;0.31;0.295;0.59;0.67;0.8;0.88;1.23;1.3;
2019-02-13;;2;2-W-03A;Déposition de croix avec Joseph d'Arimthie;Maître du Saint-Sang;Premier quart du XVI siècle;2_0527;available;1.39;1.71;1.0399999999999998;1.0399999999999998;2.5200000000000005;2.5200000000000005;0.91;0.91;
2019-02-13;;2;2-W-03C;Sainte Catherine;Pseudo-Gioverone;XVI siècle;2_2797;available;1.065;0.63;0.64;0.7;1.14;1.21;1.02;1.1;
2019-02-13;;2;2-W-03C;Sainte Lucie;Pseudo-Gioverone;Vers 1510;2_2799;available;1.065;0.63;1.37;1.45;1.91;1.98;1.02;1.1;
2019-02-13;;2;2-W-03C;Vierge à l'enfant accompagnée par deux anges;Francesco de Tatti;1512;2_2801;available;0.98;0.61;2.48;2.56;3.17;3.24;0.97;1.07;
2019-02-13;;2;2-W-03C;Vierge à l'enfant couronnée par deux anges;Maître de Marcadi;XV siècle;2_2803;available;1.07;1.07;3.5700000000000003;3.67;4.470000000000001;4.65;1.04;1.19;
2019-02-13;;2;2-W-03C;Saint Jean-Baptiste dans le désert;Giovanni Larciani;1510-1512;2_2812;available;0.86;0.725;5.51;5.65;6.1;6.24;1.13;1.24;
2019-02-13;;2;2-W-03C;Table conduit par l'ange;Francesco Sogliani;Vers 1515;2_2814;available;1.42;1.025;6.859999999999999;7.0600000000000005;7.6899999999999995;7.890000000000001;0.84;1.03;
2019-02-13;;2;2-W-03C;Le Jugement dernier;Hans Leonhard Schäuffelein;1535;2_2816;available;0.735;0.59;8.5;8.62;9;9.1;1.18;1.29;
2019-02-13;;2;2-W-03C;La décollation de Saint Jean-Baptiste;Wilheim Stetter;1515;2_2818;available;1.07;0.96;9.51;9.63;10.35;10.48;1.02;1.13;
2019-02-13;;2;2-W-03C;La Mise au tombeau;Wilheim Stetter;1536;2_2822;available;0.985;0.68;11.629999999999999;11.66;12.26;12.29;1.1;1.14;
2019-02-13;;2;2-W-03C;L'Apparition du Christ à Marie-Madeleine;Wilheim Stetter;1523;2_2824;available;0.92;0.655;12.35;12.370000000000001;12.95;12.969999999999999;1.1;1.13;
2019-02-13;;2;2-W-03C;Pietà;Frederico Zuccaro;Vers 1570;2_2827;available;1.96;1.45;13.73;13.879999999999999;15.02;15.19;0.59;0.73;
2019-02-13;;2;2-W-03C;La Sainte Trinité;Giorgio Vasari;Vers 1558;2_2829;available;2.06;1.605;15.9;16.08;17.3;17.5;0.54;0.71;
2019-02-13;;2;2-W-03E;Sainte Famille avec saint Jean et sainte Elisabeth;Jacopino del Conte;XVI siècle;2_2831;available;1.34;1;0.26;0.42;1.44;1.61;0.72;0.89;
2019-02-13;;2;2-W-03F;Déploration du Christ;Jacopo Robusti dit Tintoret;Vers 1580;2_2836;available;1.34;1.685;0.8100000000000005;0.9700000000000006;2.360000000000001;2.5200000000000014;0.9;1.06;
2019-02-13;;2;2-W-03F;Déluge / Le Déluge;Gerolamo Bassano / Leandro, dit Bassano Leandro da Ponte;Vers 1590;2_2838;available;1.35;1.51;3.2200000000000006;3.380000000000001;4.600000000000001;4.780000000000001;0.89;1.03;
2019-02-13;;2;2-W-03F;L'Enlèvement d'Hélène;Mathis Gerung;1530-1531;2_2840;available;1.29;1.62;6.160000000000002;6.3100000000000005;7.630000000000001;7.770000000000001;0.91;1.04;
2019-02-13;;2;2-W-03F;Sainte Famille avec sainte Elisabeth, le petit;Giovanni dit Nosadella Bezzi;Vers 1545-1550;2_2842;available;0.94;0.83;8.96;9.09;9.66;9.8;1.08;1.2;
2019-02-13;;2;2-W-03F;Christ au roseau;Giovanni Pietro dit Giampietrino Rizzoli;XVI siècle;2_2846;available;1.045;0.87;10.900000000000002;11.060000000000002;11.600000000000001;11.760000000000002;1.04;1.19;
2019-02-13;;2;2-W-03F;Sainte Catherine d'Alexandrie;Bernardo Zenale;Vers 1500;2_2848;available;0.43;0.33;11.930000000000001;12.020000000000001;12.190000000000001;12.280000000000001;1.35;1.43;
2019-02-13;;2;2-W-03F;Le Sauveur du monde;Ecole de Léonard de Vinci;Vers 1504;2_2850;available;0.675;0.56;12.470000000000002;12.59;12.940000000000001;13.030000000000001;1.22;1.33;
2019-02-13;;2;2-W-03F;Vierge à l'Enfant;Taddeo di Bartolo;Vers 1396-1397;2_2852;available;1.105;0.7;13.770000000000001;13.89;14.350000000000001;14.47;1;1.1;
2019-02-13;;2;2-W-03F;Saint Paul;Francesco Traini;Vers 1344-1345;2_2854;available;0.775;0.525;14.71;14.81;15.190000000000001;15.270000000000001;1.17;1.25;
2019-02-13;;2;2-W-S0-04;Promenade en barque;Francesco Giuseppe Casanova;Vers 1788;2_2787;available;2.46;2.18;1.78;1.78;1.78;1.78;1.27;1.27;
2019-02-13;;2;2-W-S0-06;La Halte de chasse;Francesco Giuseppe Casanova;Avant 1788;2_2789;available;2.4;3.35;2.02;2.02;2.02;2.02;1.3;1.3;
